Seq	MGW
AAAAA	3.38
CAAAA	4.76
GAAAA	4.35
TAAAA	4.89
NAAAA	4.345
ACAAA	5.21
CCAAA	5.42
GCAAA	5.41
TCAAA	5.6
NCAAA	5.41
AGAAA	4.74
CGAAA	4.98
GGAAA	4.63
TGAAA	5.4
NGAAA	4.9375
ATAAA	5.66
CTAAA	5.82
GTAAA	5.91
TTAAA	5.73
NTAAA	5.78
ANAAA	4.7475000000000005
CNAAA	5.245
GNAAA	5.075
TNAAA	5.404999999999999
NNAAA	5.118124999999999
AACAA	4.97
CACAA	5.2
GACAA	5.57
TACAA	5.89
NACAA	5.4075
ACCAA	5.08
CCCAA	5.44
GCCAA	5.56
TCCAA	5.42
NCCAA	5.375
AGCAA	5.08
CGCAA	5.81
GGCAA	5.3
TGCAA	5.78
NGCAA	5.492500000000001
ATCAA	5.52
CTCAA	5.9
GTCAA	5.91
TTCAA	6.0
NTCAA	5.8325
ANCAA	5.1625
CNCAA	5.5875
GNCAA	5.585
TNCAA	5.7725
NNCAA	5.526875
AAGAA	4.8
CAGAA	5.14
GAGAA	4.67
TAGAA	5.33
NAGAA	4.984999999999999
ACGAA	5.21
CCGAA	5.38
GCGAA	5.53
TCGAA	5.75
NCGAA	5.4675
AGGAA	4.76
CGGAA	5.09
GGGAA	4.73
TGGAA	4.97
NGGAA	4.8875
ATGAA	5.5
CTGAA	5.93
GTGAA	5.94
TTGAA	6.0
NTGAA	5.8425
ANGAA	5.0675
CNGAA	5.385
GNGAA	5.2175
TNGAA	5.5125
NNGAA	5.295624999999999
AATAA	5.53
CATAA	6.02
GATAA	5.89
TATAA	6.07
NATAA	5.8775
ACTAA	5.73
CCTAA	5.96
GCTAA	5.82
TCTAA	6.0
NCTAA	5.8775
AGTAA	5.37
CGTAA	6.11
GGTAA	5.43
TGTAA	5.99
NGTAA	5.725
ATTAA	5.58
CTTAA	5.58
GTTAA	5.85
TTTAA	5.73
NTTAA	5.685
ANTAA	5.5525
CNTAA	5.9175
GNTAA	5.7475000000000005
TNTAA	5.947500000000001
NNTAA	5.79125
AANAA	4.67
CANAA	5.28
GANAA	5.12
TANAA	5.545
NANAA	5.15375
ACNAA	5.3075
CCNAA	5.55
GCNAA	5.58
TCNAA	5.6925
NCNAA	5.5325
AGNAA	4.9875
CGNAA	5.4975
GGNAA	5.0225
TGNAA	5.535
NGNAA	5.260624999999999
ATNAA	5.5649999999999995
CTNAA	5.807499999999999
GTNAA	5.9025
TTNAA	5.865
NTNAA	5.785
ANNAA	5.1325
CNNAA	5.5337499999999995
GNNAA	5.40625
TNNAA	5.659375000000001
NNNAA	5.43296875
AAACA	4.65
CAACA	5.24
GAACA	4.85
TAACA	5.17
NAACA	4.9775
ACACA	5.5
CCACA	5.8
GCACA	5.94
TCACA	5.84
NCACA	5.7700000000000005
AGACA	4.99
CGACA	5.28
GGACA	5.02
TGACA	5.43
NGACA	5.18
ATACA	5.82
CTACA	5.74
GTACA	6.2
TTACA	5.99
NTACA	5.9375
ANACA	5.24
CNACA	5.515000000000001
GNACA	5.5024999999999995
TNACA	5.6075
NNACA	5.46625
AACCA	4.33
CACCA	4.84
GACCA	4.84
TACCA	5.13
NACCA	4.785
ACCCA	4.66
CCCCA	4.89
GCCCA	4.96
TCCCA	4.93
NCCCA	4.86
AGCCA	4.53
CGCCA	5.06
GGCCA	4.93
TGCCA	5.24
NGCCA	4.9399999999999995
ATCCA	4.94
CTCCA	5.02
GTCCA	5.19
TTCCA	4.97
NTCCA	5.03
ANCCA	4.615
CNCCA	4.9525
GNCCA	4.98
TNCCA	5.0675
NNCCA	4.9037500000000005
AAGCA	4.61
CAGCA	5.27
GAGCA	5.1
TAGCA	5.36
NAGCA	5.085
ACGCA	5.27
CCGCA	5.59
GCGCA	5.71
TCGCA	5.68
NCGCA	5.5625
AGGCA	4.82
CGGCA	5.17
GGGCA	5.02
TGGCA	5.24
NGGCA	5.0625
ATGCA	5.55
CTGCA	5.79
GTGCA	5.94
TTGCA	5.78
NTGCA	5.765000000000001
ANGCA	5.0625
CNGCA	5.455
GNGCA	5.4425
TNGCA	5.515000000000001
NNGCA	5.36875
AATCA	4.46
CATCA	5.22
GATCA	4.77
TATCA	5.38
NATCA	4.9575
ACTCA	4.89
CCTCA	5.3
GCTCA	5.4
TCTCA	5.29
NCTCA	5.22
AGTCA	4.89
CGTCA	5.39
GGTCA	4.94
TGTCA	5.43
NGTCA	5.1625
ATTCA	5.22
CTTCA	5.15
GTTCA	5.35
TTTCA	5.4
NTTCA	5.28
ANTCA	4.864999999999999
CNTCA	5.265000000000001
GNTCA	5.115
TNTCA	5.375
NNTCA	5.155
AANCA	4.5125
CANCA	5.1425
GANCA	4.89
TANCA	5.26
NANCA	4.95125
ACNCA	5.08
CCNCA	5.3950000000000005
GCNCA	5.5024999999999995
TCNCA	5.435
NCNCA	5.353125
AGNCA	4.8075
CGNCA	5.225
GGNCA	4.9775
TGNCA	5.335
NGNCA	5.08625
ATNCA	5.3825
CTNCA	5.425000000000001
GTNCA	5.67
TTNCA	5.535
NTNCA	5.503125
ANNCA	4.945625
CNNCA	5.296875
GNNCA	5.26
TNNCA	5.391249999999999
NNNCA	5.223437499999999
AAAGA	4.02
CAAGA	4.92
GAAGA	4.52
TAAGA	4.93
NAAGA	4.5975
ACAGA	5.33
CCAGA	5.56
GCAGA	5.75
TCAGA	5.47
NCAGA	5.5275
AGAGA	5.0
CGAGA	5.17
GGAGA	4.92
TGAGA	5.29
NGAGA	5.095
ATAGA	5.69
CTAGA	5.84
GTAGA	5.76
TTAGA	6.0
NTAGA	5.8225
ANAGA	5.01
CNAGA	5.3725000000000005
GNAGA	5.2375
TNAGA	5.422499999999999
NNAGA	5.260624999999999
AACGA	4.8
CACGA	5.29
GACGA	5.16
TACGA	5.61
NACGA	5.215
ACCGA	5.02
CCCGA	5.22
GCCGA	5.43
TCCGA	5.36
NCCGA	5.257499999999999
AGCGA	5.19
CGCGA	5.42
GGCGA	5.4
TGCGA	5.68
NGCGA	5.422499999999999
ATCGA	5.23
CTCGA	5.42
GTCGA	5.64
TTCGA	5.75
NTCGA	5.51
ANCGA	5.0600000000000005
CNCGA	5.3375
GNCGA	5.4075
TNCGA	5.6
NNCGA	5.35125
AAGGA	4.31
CAGGA	4.92
GAGGA	4.8
TAGGA	4.98
NAGGA	4.7525
ACGGA	5.06
CCGGA	5.39
GCGGA	5.27
TCGGA	5.36
NCGGA	5.27
AGGGA	4.68
CGGGA	4.95
GGGGA	4.76
TGGGA	4.93
NGGGA	4.83
ATGGA	5.34
CTGGA	5.31
GTGGA	5.58
TTGGA	5.42
NTGGA	5.4125
ANGGA	4.8475
CNGGA	5.142499999999999
GNGGA	5.1025
TNGGA	5.172499999999999
NNGGA	5.06625
AATGA	4.46
CATGA	5.27
GATGA	5.08
TATGA	5.84
NATGA	5.1625
ACTGA	5.48
CCTGA	5.47
GCTGA	5.74
TCTGA	5.47
NCTGA	5.539999999999999
AGTGA	5.22
CGTGA	5.71
GGTGA	5.4
TGTGA	5.84
NGTGA	5.5424999999999995
ATTGA	5.46
CTTGA	5.4
GTTGA	5.65
TTTGA	5.6
NTTGA	5.5275
ANTGA	5.155
CNTGA	5.4625
GNTGA	5.467499999999999
TNTGA	5.6875
NNTGA	5.443125
AANGA	4.3975
CANGA	5.1
GANGA	4.890000000000001
TANGA	5.34
NANGA	4.931875
ACNGA	5.2225
CCNGA	5.409999999999999
GCNGA	5.547499999999999
TCNGA	5.415
NCNGA	5.39875
AGNGA	5.0225
CGNGA	5.3125
GGNGA	5.12
TGNGA	5.435
NGNGA	5.2225
ATNGA	5.430000000000001
CTNGA	5.4925
GTNGA	5.657499999999999
TTNGA	5.692500000000001
NTNGA	5.568125
ANNGA	5.0181249999999995
CNNGA	5.32875
GNNGA	5.30375
TNNGA	5.470625
NNNGA	5.280312499999999
AAATA	3.79
CAATA	5.02
GAATA	4.51
TAATA	5.11
NAATA	4.6075
ACATA	5.14
CCATA	5.88
GCATA	5.76
TCATA	5.84
NCATA	5.655
AGATA	4.72
CGATA	5.32
GGATA	4.98
TGATA	5.38
NGATA	5.1
ATATA	5.76
CTATA	5.79
GTATA	6.01
TTATA	6.07
NTATA	5.907500000000001
ANATA	4.852499999999999
CNATA	5.5024999999999995
GNATA	5.3149999999999995
TNATA	5.6
NNATA	5.3175
AACTA	4.24
CACTA	5.11
GACTA	5.08
TACTA	5.33
NACTA	4.94
ACCTA	4.68
CCCTA	4.99
GCCTA	4.97
TCCTA	4.98
NCCTA	4.905
AGCTA	4.88
CGCTA	5.22
GGCTA	5.0
TGCTA	5.36
NGCTA	5.115
ATCTA	4.74
CTCTA	5.41
GTCTA	5.32
TTCTA	5.33
NTCTA	5.2
ANCTA	4.635
CNCTA	5.1825
GNCTA	5.0925
TNCTA	5.25
NNCTA	5.040000000000001
AAGTA	4.03
CAGTA	5.13
GAGTA	4.69
TAGTA	5.33
NAGTA	4.795
ACGTA	4.84
CCGTA	5.33
GCGTA	5.32
TCGTA	5.61
NCGTA	5.275
AGGTA	4.33
CGGTA	4.96
GGGTA	4.71
TGGTA	5.13
NGGTA	4.7825
ATGTA	5.27
CTGTA	5.41
GTGTA	5.74
TTGTA	5.89
NTGTA	5.577500000000001
ANGTA	4.6175
CNGTA	5.2075000000000005
GNGTA	5.115
TNGTA	5.49
NNGTA	5.1075
AATTA	4.36
CATTA	4.9
GATTA	4.81
TATTA	5.11
NATTA	4.795
ACTTA	4.48
CCTTA	4.81
GCTTA	5.01
TCTTA	4.93
NCTTA	4.807499999999999
AGTTA	4.67
CGTTA	5.15
GGTTA	4.87
TGTTA	5.17
NGTTA	4.965
ATTTA	4.75
CTTTA	4.7
GTTTA	5.1
TTTTA	4.89
NTTTA	4.859999999999999
ANTTA	4.5649999999999995
CNTTA	4.890000000000001
GNTTA	4.9475
TNTTA	5.0249999999999995
NNTTA	4.8568750000000005
AANTA	4.105
CANTA	5.039999999999999
GANTA	4.7725
TANTA	5.220000000000001
NANTA	4.784375000000001
ACNTA	4.785
CCNTA	5.2525
GCNTA	5.265000000000001
TCNTA	5.34
NCNTA	5.160625
AGNTA	4.65
CGNTA	5.1625
GGNTA	4.890000000000001
TGNTA	5.26
NGNTA	4.9906250000000005
ATNTA	5.13
CTNTA	5.3275
GTNTA	5.5425
TTNTA	5.545
NTNTA	5.38625
ANNTA	4.6674999999999995
CNNTA	5.195625000000001
GNNTA	5.1175
TNNTA	5.3412500000000005
NNNTA	5.08046875
AAANA	3.96
CAANA	4.984999999999999
GAANA	4.557499999999999
TAANA	5.0249999999999995
NAANA	4.631875
ACANA	5.295
CCANA	5.664999999999999
GCANA	5.715
TCANA	5.6875
NCANA	5.590625
AGANA	4.8625
CGANA	5.1875
GGANA	4.887499999999999
TGANA	5.375
NGANA	5.078125
ATANA	5.7325
CTANA	5.797499999999999
GTANA	5.969999999999999
TTANA	5.9475
NTANA	5.8618749999999995
ANANA	4.9625
CNANA	5.4087499999999995
GNANA	5.2825
TNANA	5.50875
NNANA	5.290625
AACNA	4.585000000000001
CACNA	5.109999999999999
GACNA	5.1625
TACNA	5.49
NACNA	5.086875
ACCNA	4.859999999999999
CCCNA	5.135
GCCNA	5.2299999999999995
TCCNA	5.1725
NCCNA	5.099375
AGCNA	4.92
CGCNA	5.3774999999999995
GGCNA	5.157500000000001
TGCNA	5.515
NGCNA	5.2425
ATCNA	5.1075
CTCNA	5.4375
GTCNA	5.515000000000001
TTCNA	5.512499999999999
NTCNA	5.393125
ANCNA	4.868125
CNCNA	5.265000000000001
GNCNA	5.26625
TNCNA	5.4225
NNCNA	5.20546875
AAGNA	4.4375
CAGNA	5.115
GAGNA	4.815
TAGNA	5.25
NAGNA	4.904375
ACGNA	5.095
CCGNA	5.422499999999999
GCGNA	5.4575
TCGNA	5.6
NCGNA	5.393750000000001
AGGNA	4.6475
CGGNA	5.0425
GGGNA	4.805
TGGNA	5.0675
NGGNA	4.890625
ATGNA	5.415
CTGNA	5.609999999999999
GTGNA	5.800000000000001
TTGNA	5.772500000000001
NTGNA	5.649375
ANGNA	4.89875
CNGNA	5.297499999999999
GNGNA	5.219375
TNGNA	5.422499999999999
NNGNA	5.2095312499999995
AATNA	4.7025
CATNA	5.352499999999999
GATNA	5.1375
TATNA	5.6
NATNA	5.198125
ACTNA	5.1450000000000005
CCTNA	5.385
GCTNA	5.4925
TCTNA	5.422499999999999
NCTNA	5.36125
AGTNA	5.0375
CGTNA	5.59
GGTNA	5.16
TGTNA	5.6075
NGTNA	5.34875
ATTNA	5.2525
CTTNA	5.2075000000000005
GTTNA	5.487500000000001
TTTNA	5.405
NTTNA	5.338125
ANTNA	5.034375
CNTNA	5.38375
GNTNA	5.319375
TNTNA	5.50875
NNTNA	5.3115625
AANNA	4.42125
CANNA	5.140625
GANNA	4.918125
TANNA	5.3412500000000005
NANNA	4.9553125
ACNNA	5.098750000000001
CCNNA	5.401875
GCNNA	5.47375
TCNNA	5.470625
NCNNA	5.36125
AGNNA	4.866875
CGNNA	5.2993749999999995
GGNNA	5.0024999999999995
TGNNA	5.391249999999999
NGNNA	5.14
ATNNA	5.376875
CTNNA	5.5131250000000005
GTNNA	5.693125
TTNNA	5.659375000000001
NTNNA	5.560625
ANNNA	4.9409374999999995
CNNNA	5.33875
GNNNA	5.271875
TNNNA	5.465625
NNNNA	5.254296875
AAAAC	4.05
CAAAC	4.95
GAAAC	4.74
TAAAC	5.1
NAAAC	4.71
ACAAC	5.58
CCAAC	5.42
GCAAC	5.7
TCAAC	5.65
NCAAC	5.5875
AGAAC	4.85
CGAAC	5.1
GGAAC	4.84
TGAAC	5.35
NGAAC	5.035
ATAAC	5.62
CTAAC	5.8
GTAAC	5.86
TTAAC	5.85
NTAAC	5.782500000000001
ANAAC	5.0249999999999995
CNAAC	5.3175
GNAAC	5.285
TNAAC	5.487500000000001
NNAAC	5.2787500000000005
AACAC	5.05
CACAC	5.73
GACAC	5.49
TACAC	5.74
NACAC	5.502500000000001
ACCAC	5.38
CCCAC	5.41
GCCAC	5.46
TCCAC	5.58
NCCAC	5.4575
AGCAC	5.43
CGCAC	5.88
GGCAC	5.66
TGCAC	5.94
NGCAC	5.7275
ATCAC	5.35
CTCAC	5.8
GTCAC	6.01
TTCAC	5.94
NTCAC	5.7749999999999995
ANCAC	5.3025
CNCAC	5.705
GNCAC	5.654999999999999
TNCAC	5.800000000000001
NNCAC	5.615625
AAGAC	4.65
CAGAC	5.22
GAGAC	5.04
TAGAC	5.32
NAGAC	5.0575
ACGAC	5.34
CCGAC	5.54
GCGAC	5.56
TCGAC	5.64
NCGAC	5.52
AGGAC	4.81
CGGAC	5.08
GGGAC	4.9
TGGAC	5.19
NGGAC	4.995
ATGAC	5.45
CTGAC	5.67
GTGAC	6.01
TTGAC	5.91
NTGAC	5.760000000000001
ANGAC	5.0625
CNGAC	5.3774999999999995
GNGAC	5.3774999999999995
TNGAC	5.515000000000001
NNGAC	5.333125000000001
AATAC	5.3
CATAC	5.93
GATAC	5.65
TATAC	6.01
NATAC	5.7225
ACTAC	5.62
CCTAC	5.76
GCTAC	5.88
TCTAC	5.76
NCTAC	5.754999999999999
AGTAC	5.54
CGTAC	5.93
GGTAC	5.84
TGTAC	6.2
NGTAC	5.8774999999999995
ATTAC	5.44
CTTAC	5.62
GTTAC	5.86
TTTAC	5.91
NTTAC	5.7075000000000005
ANTAC	5.4750000000000005
CNTAC	5.81
GNTAC	5.8075
TNTAC	5.97
NNTAC	5.765625
AANAC	4.7625
CANAC	5.4575
GANAC	5.23
TANAC	5.5425
NANAC	5.248125
ACNAC	5.48
CCNAC	5.532500000000001
GCNAC	5.6499999999999995
TCNAC	5.657500000000001
NCNAC	5.58
AGNAC	5.1575
CGNAC	5.4975000000000005
GGNAC	5.3100000000000005
TGNAC	5.67
NGNAC	5.40875
ATNAC	5.465
CTNAC	5.7225
GTNAC	5.9350000000000005
TTNAC	5.9025
NTNAC	5.7562500000000005
ANNAC	5.21625
CNNAC	5.5525
GNNAC	5.53125
TNNAC	5.693125
NNNAC	5.49828125
AAACC	4.06
CAACC	4.82
GAACC	4.46
TAACC	4.87
NAACC	4.5525
ACACC	5.31
CCACC	5.56
GCACC	5.56
TCACC	5.4
NCACC	5.4575
AGACC	4.73
CGACC	4.82
GGACC	4.8
TGACC	4.94
NGACC	4.822500000000001
ATACC	5.46
CTACC	5.55
GTACC	5.84
TTACC	5.43
NTACC	5.57
ANACC	4.89
CNACC	5.1875
GNACC	5.165
TNACC	5.16
NNACC	5.100625
AACCC	4.03
CACCC	4.77
GACCC	4.45
TACCC	4.71
NACCC	4.49
ACCCC	4.58
CCCCC	4.75
GCCCC	4.82
TCCCC	4.76
NCCCC	4.7275
AGCCC	4.61
CGCCC	4.96
GGCCC	4.77
TGCCC	5.02
NGCCC	4.84
ATCCC	4.81
CTCCC	4.85
GTCCC	4.9
TTCCC	4.73
NTCCC	4.8225
ANCCC	4.507499999999999
CNCCC	4.8325
GNCCC	4.734999999999999
TNCCC	4.805
NNCCC	4.720000000000001
AAGCC	4.17
CAGCC	4.95
GAGCC	4.67
TAGCC	5.0
NAGCC	4.6975
ACGCC	5.08
CCGCC	5.29
GCGCC	5.41
TCGCC	5.4
NCGCC	5.295
AGGCC	4.72
CGGCC	4.96
GGGCC	4.77
TGGCC	4.93
NGGCC	4.845
ATGCC	5.33
CTGCC	5.41
GTGCC	5.66
TTGCC	5.3
NTGCC	5.425
ANGCC	4.824999999999999
CNGCC	5.1525
GNGCC	5.1274999999999995
TNGCC	5.1575
NNGCC	5.065625
AATCC	4.19
CATCC	4.84
GATCC	4.63
TATCC	4.98
NATCC	4.66
ACTCC	4.73
CCTCC	4.93
GCTCC	5.05
TCTCC	4.92
NCTCC	4.907500000000001
AGTCC	4.51
CGTCC	5.02
GGTCC	4.8
TGTCC	5.02
NGTCC	4.8374999999999995
ATTCC	4.69
CTTCC	4.63
GTTCC	4.84
TTTCC	4.63
NTTCC	4.6975
ANTCC	4.53
CNTCC	4.8549999999999995
GNTCC	4.83
TNTCC	4.8875
NNTCC	4.775625
AANCC	4.1125
CANCC	4.845
GANCC	4.5525
TANCC	4.890000000000001
NANCC	4.6
ACNCC	4.925000000000001
CCNCC	5.132499999999999
GCNCC	5.21
TCNCC	5.12
NCNCC	5.096875000000001
AGNCC	4.6425
CGNCC	4.94
GGNCC	4.785
TGNCC	4.9775
NGNCC	4.83625
ATNCC	5.0725
CTNCC	5.109999999999999
GTNCC	5.31
TTNCC	5.0225
NTNCC	5.12875
ANNCC	4.688125
CNNCC	5.006875
GNNCC	4.964375
TNNCC	5.0024999999999995
NNNCC	4.9154687500000005
AAAGC	4.03
CAAGC	4.94
GAAGC	4.82
TAAGC	5.01
NAAGC	4.7
ACAGC	5.31
CCAGC	5.53
GCAGC	5.67
TCAGC	5.74
NCAGC	5.5625
AGAGC	5.04
CGAGC	5.2
GGAGC	5.05
TGAGC	5.4
NGAGC	5.172499999999999
ATAGC	5.37
CTAGC	5.67
GTAGC	5.88
TTAGC	5.82
NTAGC	5.685
ANAGC	4.9375
CNAGC	5.335000000000001
GNAGC	5.3549999999999995
TNAGC	5.4925
NNAGC	5.279999999999999
AACGC	4.64
CACGC	5.25
GACGC	5.09
TACGC	5.32
NACGC	5.075
ACCGC	5.08
CCCGC	5.3
GCCGC	5.37
TCCGC	5.27
NCCGC	5.255
AGCGC	5.18
CGCGC	5.54
GGCGC	5.41
TGCGC	5.71
NGCGC	5.46
ATCGC	5.28
CTCGC	5.46
GTCGC	5.56
TTCGC	5.53
NTCGC	5.4575000000000005
ANCGC	5.045
CNCGC	5.3875
GNCGC	5.3575
TNCGC	5.4575000000000005
NNCGC	5.311875
AAGGC	4.51
CAGGC	4.94
GAGGC	4.85
TAGGC	4.97
NAGGC	4.8175
ACGGC	5.08
CCGGC	5.36
GCGGC	5.37
TCGGC	5.43
NCGGC	5.3100000000000005
AGGGC	4.73
CGGGC	4.95
GGGGC	4.82
TGGGC	4.96
NGGGC	4.865
ATGGC	5.23
CTGGC	5.43
GTGGC	5.46
TTGGC	5.56
NTGGC	5.42
ANGGC	4.8875
CNGGC	5.17
GNGGC	5.125
TNGGC	5.2299999999999995
NNGGC	5.103125
AATGC	4.89
CATGC	5.5
GATGC	5.38
TATGC	5.76
NATGC	5.3825
ACTGC	5.4
CCTGC	5.52
GCTGC	5.67
TCTGC	5.75
NCTGC	5.585
AGTGC	5.3
CGTGC	5.74
GGTGC	5.56
TGTGC	5.94
NGTGC	5.635
ATTGC	5.15
CTTGC	5.45
GTTGC	5.7
TTTGC	5.41
NTTGC	5.4275
ANTGC	5.1850000000000005
CNTGC	5.552499999999999
GNTGC	5.5775
TNTGC	5.715
NNTGC	5.5075
AANGC	4.5175
CANGC	5.157500000000001
GANGC	5.035
TANGC	5.265000000000001
NANGC	4.99375
ACNGC	5.2175
CCNGC	5.4275
GCNGC	5.52
TCNGC	5.547499999999999
NCNGC	5.428125
AGNGC	5.0625
CGNGC	5.3575
GGNGC	5.21
TGNGC	5.5025
NGNGC	5.283125
ATNGC	5.2575
CTNGC	5.5024999999999995
GTNGC	5.6499999999999995
TTNGC	5.58
NTNGC	5.4975000000000005
ANNGC	5.01375
CNNGC	5.36125
GNNGC	5.35375
TNNGC	5.473750000000001
NNNGC	5.300625
AAATC	4.12
CAATC	4.81
GAATC	4.36
TAATC	4.81
NAATC	4.5249999999999995
ACATC	4.82
CCATC	5.53
GCATC	5.38
TCATC	5.08
NCATC	5.202500000000001
AGATC	4.36
CGATC	4.96
GGATC	4.63
TGATC	4.77
NGATC	4.68
ATATC	5.4
CTATC	5.54
GTATC	5.65
TTATC	5.89
NTATC	5.620000000000001
ANATC	4.675000000000001
CNATC	5.21
GNATC	5.005000000000001
TNATC	5.1375
NNATC	5.006875
AACTC	3.95
CACTC	4.78
GACTC	4.53
TACTC	4.69
NACTC	4.487500000000001
ACCTC	4.37
CCCTC	4.78
GCCTC	4.85
TCCTC	4.8
NCCTC	4.7
AGCTC	4.63
CGCTC	5.02
GGCTC	4.67
TGCTC	5.1
NGCTC	4.8549999999999995
ATCTC	4.74
CTCTC	4.93
GTCTC	5.04
TTCTC	4.67
NTCTC	4.845000000000001
ANCTC	4.422499999999999
CNCTC	4.8774999999999995
GNCTC	4.7725
TNCTC	4.8149999999999995
NNCTC	4.721875000000001
AAGTC	3.74
CAGTC	5.0
GAGTC	4.53
TAGTC	5.08
NAGTC	4.5875
ACGTC	4.7
CCGTC	5.1
GCGTC	5.09
TCGTC	5.16
NCGTC	5.0125
AGGTC	4.18
CGGTC	4.69
GGGTC	4.45
TGGTC	4.84
NGGTC	4.54
ATGTC	5.02
CTGTC	5.26
GTGTC	5.49
TTGTC	5.57
NTGTC	5.335
ANGTC	4.41
CNGTC	5.012499999999999
GNGTC	4.890000000000001
TNGTC	5.1625
NNGTC	4.86875
AATTC	3.75
CATTC	4.39
GATTC	4.36
TATTC	4.51
NATTC	4.2524999999999995
ACTTC	4.31
CCTTC	4.63
GCTTC	4.82
TCTTC	4.52
NCTTC	4.57
AGTTC	4.25
CGTTC	4.74
GGTTC	4.46
TGTTC	4.85
NGTTC	4.574999999999999
ATTTC	4.27
CTTTC	4.36
GTTTC	4.74
TTTTC	4.35
NTTTC	4.43
ANTTC	4.145
CNTTC	4.53
GNTTC	4.595000000000001
TNTTC	4.557499999999999
NNTTC	4.456875
AANTC	3.89
CANTC	4.745
GANTC	4.445
TANTC	4.7725
NANTC	4.463125
ACNTC	4.55
CCNTC	5.01
GCNTC	5.035
TCNTC	4.89
NCNTC	4.87125
AGNTC	4.355
CGNTC	4.852500000000001
GGNTC	4.5525
TGNTC	4.89
NGNTC	4.6625
ATNTC	4.8575
CTNTC	5.0225
GTNTC	5.23
TTNTC	5.119999999999999
NTNTC	5.057499999999999
ANNTC	4.413125
CNNTC	4.9075
GNNTC	4.815625
TNNTC	4.918125
NNNTC	4.76359375
AAANC	4.065
CAANC	4.88
GAANC	4.595
TAANC	4.9475
NAANC	4.621875
ACANC	5.255
CCANC	5.510000000000001
GCANC	5.5775
TCANC	5.467499999999999
NCANC	5.452500000000001
AGANC	4.745
CGANC	5.0200000000000005
GGANC	4.83
TGANC	5.115
NGANC	4.9275
ATANC	5.4625
CTANC	5.64
GTANC	5.807499999999999
TTANC	5.7475000000000005
NTANC	5.664375000000001
ANANC	4.881875
CNANC	5.2625
GNANC	5.202500000000001
TNANC	5.319375
NNANC	5.1665625
AACNC	4.4174999999999995
CACNC	5.1325
GACNC	4.890000000000001
TACNC	5.115
NACNC	4.88875
ACCNC	4.8525
CCCNC	5.0600000000000005
GCCNC	5.125
TCCNC	5.1025
NCCNC	5.035
AGCNC	4.9624999999999995
CGCNC	5.35
GGCNC	5.1274999999999995
TGCNC	5.442500000000001
NGCNC	5.220625
ATCNC	5.045
CTCNC	5.26
GTCNC	5.3774999999999995
TTCNC	5.217500000000001
NTCNC	5.225
ANCNC	4.819375
CNCNC	5.2006250000000005
GNCNC	5.13
TNCNC	5.219375
NNCNC	5.0923437499999995
AAGNC	4.2675
CAGNC	5.0275
GAGNC	4.7725
TAGNC	5.092499999999999
NAGNC	4.79
ACGNC	5.05
CCGNC	5.3225
GCGNC	5.3575
TCGNC	5.4075
NCGNC	5.284375000000001
AGGNC	4.609999999999999
CGGNC	4.92
GGGNC	4.735
TGGNC	4.98
NGGNC	4.811249999999999
ATGNC	5.2575
CTGNC	5.442499999999999
GTGNC	5.654999999999999
TTGNC	5.585
NTGNC	5.485
ANGNC	4.79625
CNGNC	5.178125
GNGNC	5.129999999999999
TNGNC	5.266249999999999
NNGNC	5.09265625
AATNC	4.5325
CATNC	5.165
GATNC	5.005
TATNC	5.3149999999999995
NATNC	5.0043750000000005
ACTNC	5.015000000000001
CCTNC	5.21
GCTNC	5.355
TCTNC	5.2375
NCTNC	5.204375
AGTNC	4.9
CGTNC	5.3575
GGTNC	5.165
TGTNC	5.5024999999999995
NGTNC	5.231249999999999
ATTNC	4.8875
CTTNC	5.015
GTTNC	5.285
TTTNC	5.074999999999999
NTTNC	5.065625000000001
ANTNC	4.83375
CNTNC	5.186875000000001
GNTNC	5.202500000000001
TNTNC	5.282500000000001
NNTNC	5.12640625
AANNC	4.320625000000001
CANNC	5.05125
GANNC	4.815625
TANNC	5.1175
NANNC	4.82625
ACNNC	5.043125
CCNNC	5.275625
GCNNC	5.353750000000001
TCNNC	5.30375
NCNNC	5.2440625
AGNNC	4.804374999999999
CGNNC	5.161875
GGNNC	4.9643749999999995
TGNNC	5.26
NGNNC	5.047656250000001
ATNNC	5.163125
CTNNC	5.339375
GTNNC	5.53125
TTNNC	5.40625
NTNNC	5.36
ANNNC	4.832812500000001
CNNNC	5.20703125
GNNNC	5.16625
TNNNC	5.2718750000000005
NNNNC	5.1194921875
AAAAG	3.68
CAAAG	4.52
GAAAG	4.36
TAAAG	4.7
NAAAG	4.3149999999999995
ACAAG	5.19
CCAAG	5.31
GCAAG	5.45
TCAAG	5.4
NCAAG	5.3375
AGAAG	4.5
CGAAG	4.92
GGAAG	4.63
TGAAG	5.15
NGAAG	4.800000000000001
ATAAG	5.48
CTAAG	5.49
GTAAG	5.62
TTAAG	5.58
NTAAG	5.5425
ANAAG	4.7125
CNAAG	5.06
GNAAG	5.015000000000001
TNAAG	5.2075000000000005
NNAAG	4.99875
AACAG	4.95
CACAG	5.32
GACAG	5.26
TACAG	5.41
NACAG	5.234999999999999
ACCAG	5.19
CCCAG	5.39
GCCAG	5.43
TCCAG	5.31
NCCAG	5.329999999999999
AGCAG	5.16
CGCAG	5.67
GGCAG	5.41
TGCAG	5.79
NGCAG	5.5075
ATCAG	5.34
CTCAG	5.56
GTCAG	5.67
TTCAG	5.93
NTCAG	5.625
ANCAG	5.16
CNCAG	5.485
GNCAG	5.442500000000001
TNCAG	5.609999999999999
NNCAG	5.4243749999999995
AAGAG	4.68
CAGAG	5.14
GAGAG	4.93
TAGAG	5.41
NAGAG	5.04
ACGAG	5.13
CCGAG	5.65
GCGAG	5.46
TCGAG	5.42
NCGAG	5.415000000000001
AGGAG	4.63
CGGAG	5.01
GGGAG	4.85
TGGAG	5.02
NGGAG	4.8774999999999995
ATGAG	5.23
CTGAG	5.56
GTGAG	5.8
TTGAG	5.9
NTGAG	5.6225000000000005
ANGAG	4.9174999999999995
CNGAG	5.34
GNGAG	5.26
TNGAG	5.4375
NNGAG	5.23875
AATAG	4.65
CATAG	5.53
GATAG	5.54
TATAG	5.79
NATAG	5.3774999999999995
ACTAG	5.13
CCTAG	5.69
GCTAG	5.67
TCTAG	5.84
NCTAG	5.5825000000000005
AGTAG	5.2
CGTAG	5.77
GGTAG	5.55
TGTAG	5.74
NGTAG	5.5649999999999995
ATTAG	5.57
CTTAG	5.49
GTTAG	5.8
TTTAG	5.82
NTTAG	5.67
ANTAG	5.1375
CNTAG	5.620000000000001
GNTAG	5.640000000000001
TNTAG	5.797499999999999
NNTAG	5.54875
AANAG	4.49
CANAG	5.1275
GANAG	5.0225
TANAG	5.3275
NANAG	4.991875
ACNAG	5.16
CCNAG	5.510000000000001
GCNAG	5.5024999999999995
TCNAG	5.492500000000001
NCNAG	5.41625
AGNAG	4.8725
CGNAG	5.342499999999999
GGNAG	5.109999999999999
TGNAG	5.425000000000001
NGNAG	5.1875
ATNAG	5.405
CTNAG	5.525
GTNAG	5.7225
TTNAG	5.8075
NTNAG	5.615
ANNAG	4.981875
CNNAG	5.376250000000001
GNNAG	5.3393749999999995
TNNAG	5.513125
NNNAG	5.30265625
AAACG	4.43
CAACG	4.98
GAACG	4.74
TAACG	5.15
NAACG	4.825
ACACG	5.47
CCACG	5.64
GCACG	5.74
TCACG	5.71
NCACG	5.640000000000001
AGACG	4.83
CGACG	5.19
GGACG	5.02
TGACG	5.39
NGACG	5.1075
ATACG	5.53
CTACG	5.77
GTACG	5.93
TTACG	6.11
NTACG	5.835
ANACG	5.0649999999999995
CNACG	5.3950000000000005
GNACG	5.3575
TNACG	5.59
NNACG	5.351875
AACCG	4.36
CACCG	4.92
GACCG	4.69
TACCG	4.96
NACCG	4.732500000000001
ACCCG	4.7
CCCCG	4.94
GCCCG	4.95
TCCCG	4.95
NCCCG	4.885
AGCCG	4.83
CGCCG	5.09
GGCCG	4.96
TGCCG	5.17
NGCCG	5.012499999999999
ATCCG	4.47
CTCCG	5.01
GTCCG	5.08
TTCCG	5.09
NTCCG	4.9125
ANCCG	4.59
CNCCG	4.99
GNCCG	4.92
TNCCG	5.0425
NNCCG	4.885625
AAGCG	4.63
CAGCG	5.13
GAGCG	5.02
TAGCG	5.22
NAGCG	5.0
ACGCG	5.2
CCGCG	5.51
GCGCG	5.54
TCGCG	5.42
NCGCG	5.4175
AGGCG	4.77
CGGCG	5.09
GGGCG	4.96
TGGCG	5.06
NGGCG	4.97
ATGCG	5.6
CTGCG	5.67
GTGCG	5.88
TTGCG	5.81
NTGCG	5.739999999999999
ANGCG	5.05
CNGCG	5.35
GNGCG	5.35
TNGCG	5.3774999999999995
NNGCG	5.281874999999999
AATCG	4.56
CATCG	4.94
GATCG	4.96
TATCG	5.32
NATCG	4.945
ACTCG	4.93
CCTCG	5.18
GCTCG	5.2
TCTCG	5.17
NCTCG	5.119999999999999
AGTCG	4.59
CGTCG	5.19
GGTCG	4.82
TGTCG	5.28
NGTCG	4.970000000000001
ATTCG	4.88
CTTCG	4.92
GTTCG	5.1
TTTCG	4.98
NTTCG	4.970000000000001
ANTCG	4.739999999999999
CNTCG	5.057500000000001
GNTCG	5.02
TNTCG	5.1875
NNTCG	5.001250000000001
AANCG	4.494999999999999
CANCG	4.992500000000001
GANCG	4.8525
TANCG	5.1625
NANCG	4.875624999999999
ACNCG	5.075
CCNCG	5.3175
GCNCG	5.3575
TCNCG	5.3125
NCNCG	5.265625
AGNCG	4.755
CGNCG	5.140000000000001
GGNCG	4.94
TGNCG	5.225
NGNCG	5.015000000000001
ATNCG	5.12
CTNCG	5.342499999999999
GTNCG	5.4975000000000005
TTNCG	5.4975
NTNCG	5.364375
ANNCG	4.861249999999999
CNNCG	5.198124999999999
GNNCG	5.161875
TNNCG	5.2993749999999995
NNNCG	5.130156250000001
AAAGG	4.05
CAAGG	4.65
GAAGG	4.63
TAAGG	4.81
NAAGG	4.534999999999999
ACAGG	5.29
CCAGG	5.4
GCAGG	5.52
TCAGG	5.47
NCAGG	5.42
AGAGG	4.97
CGAGG	5.18
GGAGG	4.93
TGAGG	5.3
NGAGG	5.095
ATAGG	5.6
CTAGG	5.69
GTAGG	5.76
TTAGG	5.96
NTAGG	5.7524999999999995
ANAGG	4.977499999999999
CNAGG	5.23
GNAGG	5.209999999999999
TNAGG	5.385
NNAGG	5.200625
AACGG	4.62
CACGG	5.1
GACGG	5.1
TACGG	5.33
NACGG	5.0375
ACCGG	5.16
CCCGG	5.19
GCCGG	5.36
TCCGG	5.39
NCCGG	5.275
AGCGG	5.15
CGCGG	5.51
GGCGG	5.29
TGCGG	5.59
NGCGG	5.385
ATCGG	5.25
CTCGG	5.65
GTCGG	5.54
TTCGG	5.38
NTCGG	5.455
ANCGG	5.045
CNCGG	5.3625
GNCGG	5.3225
TNCGG	5.422499999999999
NNCGG	5.288125
AAGGG	4.42
CAGGG	4.85
GAGGG	4.78
TAGGG	4.99
NAGGG	4.76
ACGGG	4.92
CCGGG	5.19
GCGGG	5.3
TCGGG	5.22
NCGGG	5.1575
AGGGG	4.62
CGGGG	4.94
GGGGG	4.75
TGGGG	4.89
NGGGG	4.8
ATGGG	5.19
CTGGG	5.39
GTGGG	5.41
TTGGG	5.44
NTGGG	5.3575
ANGGG	4.7875000000000005
CNGGG	5.0925
GNGGG	5.0600000000000005
TNGGG	5.135000000000001
NNGGG	5.01875
AATGG	5.08
CATGG	5.34
GATGG	5.53
TATGG	5.88
NATGG	5.4575
ACTGG	5.32
CCTGG	5.4
GCTGG	5.53
TCTGG	5.56
NCTGG	5.4525
AGTGG	5.31
CGTGG	5.64
GGTGG	5.56
TGTGG	5.8
NGTGG	5.5775
ATTGG	5.3
CTTGG	5.31
GTTGG	5.42
TTTGG	5.42
NTTGG	5.362500000000001
ANTGG	5.2525
CNTGG	5.422499999999999
GNTGG	5.51
TNTGG	5.664999999999999
NNTGG	5.4625
AANGG	4.5425
CANGG	4.984999999999999
GANGG	5.010000000000001
TANGG	5.2525
NANGG	4.9475
ACNGG	5.172499999999999
CCNGG	5.295
GCNGG	5.4275
TCNGG	5.409999999999999
NCNGG	5.32625
AGNGG	5.0125
CGNGG	5.3175
GGNGG	5.132499999999999
TGNGG	5.3950000000000005
NGNGG	5.214375
ATNGG	5.335
CTNGG	5.51
GTNGG	5.532500000000001
TTNGG	5.550000000000001
NTNGG	5.4818750000000005
ANNGG	5.015625
CNNGG	5.276875
GNNGG	5.275625
TNNGG	5.401875
NNNGG	5.2425
AAATG	3.84
CAATG	4.69
GAATG	4.39
TAATG	4.9
NAATG	4.455
ACATG	4.99
CCATG	5.34
GCATG	5.5
TCATG	5.27
NCATG	5.275
AGATG	4.66
CGATG	4.94
GGATG	4.84
TGATG	5.22
NGATG	4.915
ATATG	5.32
CTATG	5.53
GTATG	5.93
TTATG	6.02
NTATG	5.7
ANATG	4.702500000000001
CNATG	5.125000000000001
GNATG	5.165
TNATG	5.3525
NNATG	5.08625
AACTG	4.49
CACTG	4.98
GACTG	5.0
TACTG	5.13
NACTG	4.9
ACCTG	4.54
CCCTG	4.85
GCCTG	4.94
TCCTG	4.92
NCCTG	4.8125
AGCTG	4.8
CGCTG	5.13
GGCTG	4.95
TGCTG	5.27
NGCTG	5.0375
ATCTG	4.98
CTCTG	5.14
GTCTG	5.22
TTCTG	5.14
NTCTG	5.12
ANCTG	4.702500000000001
CNCTG	5.025
GNCTG	5.0275
TNCTG	5.115
NNCTG	4.967499999999999
AAGTG	4.14
CAGTG	4.98
GAGTG	4.78
TAGTG	5.11
NAGTG	4.7525
ACGTG	4.85
CCGTG	5.1
GCGTG	5.25
TCGTG	5.29
NCGTG	5.1225
AGGTG	4.42
CGGTG	4.92
GGGTG	4.77
TGGTG	4.84
NGGTG	4.7375
ATGTG	5.15
CTGTG	5.32
GTGTG	5.73
TTGTG	5.2
NTGTG	5.3500000000000005
ANGTG	4.64
CNGTG	5.08
GNGTG	5.1325
TNGTG	5.11
NNGTG	4.990625
AATTG	4.24
CATTG	4.69
GATTG	4.81
TATTG	5.02
NATTG	4.6899999999999995
ACTTG	4.52
CCTTG	4.65
GCTTG	4.94
TCTTG	4.92
NCTTG	4.7575
AGTTG	4.38
CGTTG	4.98
GGTTG	4.82
TGTTG	5.24
NGTTG	4.855
ATTTG	4.12
CTTTG	4.52
GTTTG	4.95
TTTTG	4.76
NTTTG	4.5875
ANTTG	4.315
CNTTG	4.71
GNTTG	4.88
TNTTG	4.984999999999999
NNTTG	4.7225
AANTG	4.1775
CANTG	4.835000000000001
GANTG	4.745
TANTG	5.04
NANTG	4.699375
ACNTG	4.725
CCNTG	4.984999999999999
GCNTG	5.157500000000001
TCNTG	5.1
NCNTG	4.991875
AGNTG	4.565
CGNTG	4.9925
GGNTG	4.845
TGNTG	5.1425
NGNTG	4.88625
ATNTG	4.8925
CTNTG	5.1274999999999995
GTNTG	5.4575
TTNTG	5.279999999999999
NTNTG	5.189375
ANNTG	4.59
CNNTG	4.984999999999999
GNNTG	5.05125
TNNTG	5.140624999999999
NNNTG	4.94171875
AAANG	4.0
CAANG	4.71
GAANG	4.53
TAANG	4.890000000000001
NAANG	4.532500000000001
ACANG	5.234999999999999
CCANG	5.4225
GCANG	5.5525
TCANG	5.4624999999999995
NCANG	5.418125
AGANG	4.74
CGANG	5.0575
GGANG	4.8549999999999995
TGANG	5.265
NGANG	4.979375
ATANG	5.4825
CTANG	5.62
GTANG	5.8100000000000005
TTANG	5.9175
NTANG	5.7075
ANANG	4.864375000000001
CNANG	5.202500000000001
GNANG	5.186875
TNANG	5.38375
NNANG	5.159375
AACNG	4.605
CACNG	5.08
GACNG	5.012499999999999
TACNG	5.2075000000000005
NACNG	4.97625
ACCNG	4.8975
CCCNG	5.092499999999999
GCCNG	5.17
TCCNG	5.1425
NCCNG	5.0756250000000005
AGCNG	4.985
CGCNG	5.35
GGCNG	5.1525
TGCNG	5.455
NGCNG	5.235625000000001
ATCNG	5.01
CTCNG	5.34
GTCNG	5.3774999999999995
TTCNG	5.385
NTCNG	5.278124999999999
ANCNG	4.874375000000001
CNCNG	5.215624999999999
GNCNG	5.1781250000000005
TNCNG	5.297499999999999
NNCNG	5.14140625
AAGNG	4.467499999999999
CAGNG	5.025
GAGNG	4.8775
TAGNG	5.1825
NAGNG	4.8881250000000005
ACGNG	5.025
CCGNG	5.362500000000001
GCGNG	5.3875
TCGNG	5.3374999999999995
NCGNG	5.278124999999999
AGGNG	4.609999999999999
CGGNG	4.99
GGGNG	4.8325
TGGNG	4.9525
NGGNG	4.8462499999999995
ATGNG	5.2925
CTGNG	5.485
GTGNG	5.705
TTGNG	5.5875
NTGNG	5.5175
ANGNG	4.84875
CNGNG	5.215624999999999
GNGNG	5.2006250000000005
TNGNG	5.265
NNGNG	5.1325
AATNG	4.6325
CATNG	5.125
GATNG	5.21
TATNG	5.5024999999999995
NATNG	5.1175
ACTNG	4.975
CCTNG	5.23
GCTNG	5.335000000000001
TCTNG	5.3725000000000005
NCTNG	5.228125
AGTNG	4.869999999999999
CGTNG	5.3950000000000005
GGTNG	5.1875
TGTNG	5.515000000000001
NGTNG	5.241875
ATTNG	4.9675
CTTNG	5.06
GTTNG	5.3175
TTTNG	5.244999999999999
NTTNG	5.1475
ANTNG	4.86125
CNTNG	5.202500000000001
GNTNG	5.262499999999999
TNTNG	5.4087499999999995
NNTNG	5.18375
AANNG	4.42625
CANNG	4.985
GANNG	4.907500000000001
TANNG	5.195625
NANNG	4.87859375
ACNNG	5.033125
CCNNG	5.2768749999999995
GCNNG	5.36125
TCNNG	5.32875
NCNNG	5.25
AGNNG	4.80125
CGNNG	5.198125
GGNNG	5.006875
TGNNG	5.296875
NGNNG	5.07578125
ATNNG	5.188125
CTNNG	5.37625
GTNNG	5.5525
TTNNG	5.5337499999999995
NTNNG	5.41265625
ANNNG	4.862187499999999
CNNNG	5.2090625
GNNNG	5.20703125
TNNNG	5.33875
NNNNG	5.1542578125
AAAAT	3.63
CAAAT	4.12
GAAAT	4.27
TAAAT	4.75
NAAAT	4.1925
ACAAT	5.03
CCAAT	5.3
GCAAT	5.15
TCAAT	5.46
NCAAT	5.235
AGAAT	4.43
CGAAT	4.88
GGAAT	4.69
TGAAT	5.22
NGAAT	4.805
ATAAT	5.28
CTAAT	5.57
GTAAT	5.44
TTAAT	5.58
NTAAT	5.467500000000001
ANAAT	4.5925
CNAAT	4.9675
GNAAT	4.8875
TNAAT	5.2524999999999995
NNAAT	4.925
AACAT	4.3
CACAT	5.15
GACAT	5.02
TACAT	5.27
NACAT	4.935
ACCAT	4.97
CCCAT	5.19
GCCAT	5.23
TCCAT	5.34
NCCAT	5.1825
AGCAT	5.23
CGCAT	5.6
GGCAT	5.33
TGCAT	5.55
NGCAT	5.4275
ATCAT	4.79
CTCAT	5.23
GTCAT	5.45
TTCAT	5.5
NTCAT	5.2425
ANCAT	4.8225
CNCAT	5.2925
GNCAT	5.2575
TNCAT	5.415
NNCAT	5.196875
AAGAT	3.9
CAGAT	4.98
GAGAT	4.74
TAGAT	4.74
NAGAT	4.59
ACGAT	4.8
CCGAT	5.25
GCGAT	5.28
TCGAT	5.23
NCGAT	5.140000000000001
AGGAT	4.51
CGGAT	4.47
GGGAT	4.81
TGGAT	4.94
NGGAT	4.6825
ATGAT	4.79
CTGAT	5.34
GTGAT	5.35
TTGAT	5.52
NTGAT	5.25
ANGAT	4.5
CNGAT	5.01
GNGAT	5.045
TNGAT	5.1075
NNGAT	4.915625
AATAT	4.8
CATAT	5.32
GATAT	5.4
TATAT	5.76
NATAT	5.32
ACTAT	4.86
CCTAT	5.6
GCTAT	5.37
TCTAT	5.69
NCTAT	5.380000000000001
AGTAT	5.37
CGTAT	5.53
GGTAT	5.46
TGTAT	5.82
NGTAT	5.545
ATTAT	5.28
CTTAT	5.48
GTTAT	5.62
TTTAT	5.66
NTTAT	5.510000000000001
ANTAT	5.077500000000001
CNTAT	5.4825
GNTAT	5.4625
TNTAT	5.7325
NNTAT	5.438750000000001
AANAT	4.1575
CANAT	4.8925
GANAT	4.8575
TANAT	5.13
NANAT	4.759375
ACNAT	4.915
CCNAT	5.335
GCNAT	5.2575
TCNAT	5.430000000000001
NCNAT	5.234375
AGNAT	4.885
CGNAT	5.12
GGNAT	5.0725
TGNAT	5.3825
NGNAT	5.115
ATNAT	5.035
CTNAT	5.405
GTNAT	5.465000000000001
TTNAT	5.565
NTNAT	5.367500000000001
ANNAT	4.748125
CNNAT	5.188124999999999
GNNAT	5.163125
TNNAT	5.376875
NNNAT	5.1190625
AAACT	3.85
CAACT	4.38
GAACT	4.25
TAACT	4.67
NAACT	4.2875
ACACT	5.1
CCACT	5.31
GCACT	5.3
TCACT	5.22
NCACT	5.2325
AGACT	4.57
CGACT	4.59
GGACT	4.51
TGACT	4.89
NGACT	4.64
ATACT	5.37
CTACT	5.2
GTACT	5.54
TTACT	5.37
NTACT	5.37
ANACT	4.7225
CNACT	4.87
GNACT	4.9
TNACT	5.0375000000000005
NNACT	4.8825
AACCT	3.64
CACCT	4.42
GACCT	4.18
TACCT	4.33
NACCT	4.1425
ACCCT	4.29
CCCCT	4.62
GCCCT	4.73
TCCCT	4.68
NCCCT	4.58
AGCCT	4.33
CGCCT	4.77
GGCCT	4.72
TGCCT	4.82
NGCCT	4.66
ATCCT	4.51
CTCCT	4.63
GTCCT	4.81
TTCCT	4.76
NTCCT	4.6775
ANCCT	4.1925
CNCCT	4.609999999999999
GNCCT	4.609999999999999
TNCCT	4.6475
NNCCT	4.515
AAGCT	4.14
CAGCT	4.8
GAGCT	4.63
TAGCT	4.88
NAGCT	4.6125
ACGCT	4.86
CCGCT	5.15
GCGCT	5.18
TCGCT	5.19
NCGCT	5.095000000000001
AGGCT	4.33
CGGCT	4.83
GGGCT	4.61
TGGCT	4.53
NGGCT	4.575
ATGCT	5.23
CTGCT	5.16
GTGCT	5.43
TTGCT	5.08
NTGCT	5.225
ANGCT	4.640000000000001
CNGCT	4.984999999999999
GNGCT	4.9624999999999995
TNGCT	4.92
NNGCT	4.876875
AATCT	3.75
CATCT	4.66
GATCT	4.36
TATCT	4.72
NATCT	4.3725
ACTCT	4.86
CCTCT	4.97
GCTCT	5.04
TCTCT	5.0
NCTCT	4.9675
AGTCT	4.57
CGTCT	4.83
GGTCT	4.73
TGTCT	4.99
NGTCT	4.78
ATTCT	4.43
CTTCT	4.5
GTTCT	4.85
TTTCT	4.74
NTTCT	4.63
ANTCT	4.4025
CNTCT	4.74
GNTCT	4.745
TNTCT	4.8625
NNTCT	4.6875
AANCT	3.8449999999999998
CANCT	4.565
GANCT	4.3549999999999995
TANCT	4.6499999999999995
NANCT	4.35375
ACNCT	4.7775
CCNCT	5.0125
GCNCT	5.0625
TCNCT	5.0225
NCNCT	4.96875
AGNCT	4.45
CGNCT	4.755
GGNCT	4.6425
TGNCT	4.807500000000001
NGNCT	4.66375
ATNCT	4.885
CTNCT	4.8725000000000005
GTNCT	5.1575
TTNCT	4.9875
NTNCT	4.975625
ANNCT	4.489375
CNNCT	4.80125
GNNCT	4.804375
TNNCT	4.866875
NNNCT	4.74046875
AAAGT	3.35
CAAGT	4.52
GAAGT	4.31
TAAGT	4.48
NAAGT	4.165
ACAGT	5.2
CCAGT	5.32
GCAGT	5.4
TCAGT	5.48
NCAGT	5.35
AGAGT	4.86
CGAGT	4.93
GGAGT	4.73
TGAGT	4.89
NGAGT	4.8525
ATAGT	4.86
CTAGT	5.13
GTAGT	5.62
TTAGT	5.73
NTAGT	5.335
ANAGT	4.5675
CNAGT	4.975
GNAGT	5.015000000000001
TNAGT	5.1450000000000005
NNAGT	4.925625
AACGT	4.21
CACGT	4.85
GACGT	4.7
TACGT	4.84
NACGT	4.6499999999999995
ACCGT	4.73
CCCGT	4.92
GCCGT	5.08
TCCGT	5.06
NCCGT	4.9475
AGCGT	4.86
CGCGT	5.2
GGCGT	5.08
TGCGT	5.27
NGCGT	5.1025
ATCGT	4.8
CTCGT	5.13
GTCGT	5.34
TTCGT	5.21
NTCGT	5.12
ANCGT	4.65
CNCGT	5.0249999999999995
GNCGT	5.050000000000001
TNCGT	5.095
NNCGT	4.955
AAGGT	3.75
CAGGT	4.54
GAGGT	4.37
TAGGT	4.68
NAGGT	4.335
ACGGT	4.73
CCGGT	5.16
GCGGT	5.08
TCGGT	5.02
NCGGT	4.9975000000000005
AGGGT	4.29
CGGGT	4.7
GGGGT	4.58
TGGGT	4.66
NGGGT	4.5575
ATGGT	4.97
CTGGT	5.19
GTGGT	5.38
TTGGT	5.08
NTGGT	5.154999999999999
ANGGT	4.435
CNGGT	4.8975
GNGGT	4.8525
TNGGT	4.859999999999999
NNGGT	4.76125
AATGT	4.27
CATGT	4.99
GATGT	4.82
TATGT	5.14
NATGT	4.805
ACTGT	5.2
CCTGT	5.29
GCTGT	5.31
TCTGT	5.33
NCTGT	5.282500000000001
AGTGT	5.1
CGTGT	5.47
GGTGT	5.31
TGTGT	5.5
NGTGT	5.345
ATTGT	5.03
CTTGT	5.19
GTTGT	5.58
TTTGT	5.21
NTTGT	5.2525
ANTGT	4.8999999999999995
CNTGT	5.235
GNTGT	5.254999999999999
TNTGT	5.295
NNTGT	5.17125
AANGT	3.895
CANGT	4.725
GANGT	4.55
TANGT	4.785
NANGT	4.48875
ACNGT	4.965
CCNGT	5.1725
GCNGT	5.2175
TCNGT	5.2225
NCNGT	5.144375
AGNGT	4.7775
CGNGT	5.074999999999999
GGNGT	4.925
TGNGT	5.08
NGNGT	4.964375
ATNGT	4.915
CTNGT	5.16
GTNGT	5.48
TTNGT	5.307500000000001
NTNGT	5.215624999999999
ANNGT	4.6381250000000005
CNNGT	5.033125
GNNGT	5.043125
TNNGT	5.09875
NNNGT	4.95328125
AAATT	2.85
CAATT	4.24
GAATT	3.75
TAATT	4.36
NAATT	3.8
ACATT	4.27
CCATT	5.08
GCATT	4.89
TCATT	4.46
NCATT	4.675
AGATT	3.75
CGATT	4.56
GGATT	4.19
TGATT	4.46
NGATT	4.24
ATATT	4.8
CTATT	4.65
GTATT	5.3
TTATT	5.53
NTATT	5.07
ANATT	3.9174999999999995
CNATT	4.6325
GNATT	4.532500000000001
TNATT	4.702500000000001
NNATT	4.446250000000001
AACTT	3.34
CACTT	4.14
GACTT	3.74
TACTT	4.03
NACTT	3.8125
ACCTT	3.75
CCCTT	4.42
GCCTT	4.51
TCCTT	4.31
NCCTT	4.2475
AGCTT	4.14
CGCTT	4.63
GGCTT	4.17
TGCTT	4.61
NGCTT	4.3875
ATCTT	3.9
CTCTT	4.68
GTCTT	4.65
TTCTT	4.8
NTCTT	4.5075
ANCTT	3.7825
CNCTT	4.467499999999999
GNCTT	4.2675
TNCTT	4.4375
NNCTT	4.23875
AAGTT	3.34
CAGTT	4.49
GAGTT	3.95
TAGTT	4.24
NAGTT	4.005000000000001
ACGTT	4.21
CCGTT	4.62
GCGTT	4.64
TCGTT	4.8
NCGTT	4.5675
AGGTT	3.64
CGGTT	4.36
GGGTT	4.03
TGGTT	4.33
NGGTT	4.09
ATGTT	4.3
CTGTT	4.95
GTGTT	5.05
TTGTT	4.97
NTGTT	4.8175
ANGTT	3.8724999999999996
CNGTT	4.6049999999999995
GNGTT	4.4175
TNGTT	4.585
NNGTT	4.37
AATTT	2.85
CATTT	3.84
GATTT	4.12
TATTT	3.79
NATTT	3.6499999999999995
ACTTT	3.35
CCTTT	4.05
GCTTT	4.03
TCTTT	4.02
NCTTT	3.8625
AGTTT	3.85
CGTTT	4.43
GGTTT	4.06
TGTTT	4.65
NGTTT	4.2475000000000005
ATTTT	3.63
CTTTT	3.68
GTTTT	4.05
TTTTT	3.38
NTTTT	3.6849999999999996
ANTTT	3.42
CNTTT	4.0
GNTTT	4.065
TNTTT	3.96
NNTTT	3.86125
AANTT	3.0949999999999998
CANTT	4.1775
GANTT	3.8900000000000006
TANTT	4.105
NANTT	3.8168749999999996
ACNTT	3.895
CCNTT	4.5425
GCNTT	4.5175
TCNTT	4.3975
NCNTT	4.338125
AGNTT	3.8449999999999998
CGNTT	4.495
GGNTT	4.1125
TGNTT	4.5125
NGNTT	4.24125
ATNTT	4.1575
CTNTT	4.49
GTNTT	4.7625
TTNTT	4.67
NTNTT	4.52
ANNTT	3.748125
CNNTT	4.42625
GNNTT	4.320625
TNNTT	4.421250000000001
NNNTT	4.2290625
AAANT	3.42
CAANT	4.3149999999999995
GAANT	4.145
TAANT	4.565
NAANT	4.11125
ACANT	4.8999999999999995
CCANT	5.2524999999999995
GCANT	5.185
TCANT	5.155
NCANT	5.123125
AGANT	4.4025
CGANT	4.739999999999999
GGANT	4.53
TGANT	4.865
NGANT	4.6343749999999995
ATANT	5.077500000000001
CTANT	5.137499999999999
GTANT	5.4750000000000005
TTANT	5.5525
NTANT	5.310625
ANANT	4.45
CNANT	4.86125
GNANT	4.83375
TNANT	5.034375000000001
NNANT	4.79484375
AACNT	3.8724999999999996
CACNT	4.64
GACNT	4.41
TACNT	4.6175
NACNT	4.385
ACCNT	4.4350000000000005
CCCNT	4.7875
GCCNT	4.8875
TCCNT	4.847499999999999
NCCNT	4.739374999999999
AGCNT	4.640000000000001
CGCNT	5.05
GGCNT	4.825
TGCNT	5.0625
NGCNT	4.894375
ATCNT	4.5
CTCNT	4.9174999999999995
GTCNT	5.0625
TTCNT	5.0675
NTCNT	4.886875
ANCNT	4.3618749999999995
CNCNT	4.848749999999999
GNCNT	4.796250000000001
TNCNT	4.89875
NNCNT	4.72640625
AAGNT	3.7824999999999998
CAGNT	4.702500000000001
GAGNT	4.4225
TAGNT	4.635
NAGNT	4.385625
ACGNT	4.65
CCGNT	5.045
GCGNT	5.045
TCGNT	5.0600000000000005
NCGNT	4.95
AGGNT	4.1925
CGGNT	4.59
GGGNT	4.5075
TGGNT	4.615
NGGNT	4.47625
ATGNT	4.8225
CTGNT	5.16
GTGNT	5.3025
TTGNT	5.1625
NTGNT	5.1118749999999995
ANGNT	4.3618749999999995
CNGNT	4.874375000000001
GNGNT	4.819375
TNGNT	4.868125
NNGNT	4.7309375
AATNT	3.9175
CATNT	4.702500000000001
GATNT	4.675000000000001
TATNT	4.8525
NATNT	4.536875
ACTNT	4.567500000000001
CCTNT	4.9775
GCTNT	4.9375
TCTNT	5.010000000000001
NCTNT	4.873125
AGTNT	4.7225
CGTNT	5.0649999999999995
GGTNT	4.89
TGTNT	5.24
NGTNT	4.979375
ATTNT	4.5925
CTTNT	4.7125
GTTNT	5.0249999999999995
TTTNT	4.7475
NTTNT	4.769375
ANTNT	4.45
CNTNT	4.864375
GNTNT	4.881874999999999
TNTNT	4.9625
NNTNT	4.7896875
AANNT	3.748125
CANNT	4.59
GANNT	4.413125
TANNT	4.6675
NANNT	4.3546875
ACNNT	4.6381250000000005
CCNNT	5.015625
GCNNT	5.01375
TCNNT	5.0181249999999995
NCNNT	4.92140625
AGNNT	4.489375
CGNNT	4.86125
GGNNT	4.688124999999999
TGNNT	4.945625
NGNNT	4.74609375
ATNNT	4.748125
CTNNT	4.9818750000000005
GTNNT	5.2162500000000005
TTNNT	5.1325
NTNNT	5.0196875
ANNNT	4.4059375
CNNNT	4.862187499999999
GNNNT	4.832812499999999
TNNNT	4.9409375
NNNNT	4.76046875
AAAAN	3.6849999999999996
CAAAN	4.5875
GAAAN	4.43
TAAAN	4.859999999999999
NAAAN	4.390625
ACAAN	5.2525
CCAAN	5.3625
GCAAN	5.4275
TCAAN	5.5275
NCAAN	5.3925
AGAAN	4.63
CGAAN	4.97
GGAAN	4.6975
TGAAN	5.28
NGAAN	4.894375
ATAAN	5.510000000000001
CTAAN	5.67
GTAAN	5.7075000000000005
TTAAN	5.6850000000000005
NTAAN	5.643125
ANAAN	4.769375
CNAAN	5.1475
GNAAN	5.065625
TNAAN	5.338125
NNAAN	5.08015625
AACAN	4.8175
CACAN	5.35
GACAN	5.335
TACAN	5.5775
NACAN	5.27
ACCAN	5.155
CCCAN	5.357500000000001
GCCAN	5.42
TCCAN	5.4125
NCCAN	5.33625
AGCAN	5.225
CGCAN	5.74
GGCAN	5.425000000000001
TGCAN	5.765000000000001
NGCAN	5.53875
ATCAN	5.25
CTCAN	5.6225
GTCAN	5.76
TTCAN	5.8425
NTCAN	5.61875
ANCAN	5.1118749999999995
CNCAN	5.517500000000001
GNCAN	5.485
TNCAN	5.649375
NNCAN	5.4409374999999995
AAGAN	4.507499999999999
CAGAN	5.12
GAGAN	4.845000000000001
TAGAN	5.200000000000001
NAGAN	4.918125
ACGAN	5.12
CCGAN	5.455
GCGAN	5.4575000000000005
TCGAN	5.510000000000001
NCGAN	5.385625
AGGAN	4.6775
CGGAN	4.9125
GGGAN	4.8225
TGGAN	5.03
NGGAN	4.860625000000001
ATGAN	5.2425
CTGAN	5.625
GTGAN	5.775
TTGAN	5.8325000000000005
NTGAN	5.61875
ANGAN	4.886875
CNGAN	5.278124999999999
GNGAN	5.225
TNGAN	5.3931249999999995
NNGAN	5.19578125
AATAN	5.07
CATAN	5.7
GATAN	5.619999999999999
TATAN	5.907500000000001
NATAN	5.574375
ACTAN	5.335
CCTAN	5.7524999999999995
GCTAN	5.685
TCTAN	5.822500000000001
NCTAN	5.64875
AGTAN	5.37
CGTAN	5.835
GGTAN	5.57
TGTAN	5.9375
NGTAN	5.678125
ATTAN	5.4675
CTTAN	5.5424999999999995
GTTAN	5.782500000000001
TTTAN	5.78
NTTAN	5.643125
ANTAN	5.310625
CNTAN	5.7075000000000005
GNTAN	5.664375
TNTAN	5.861875
NNTAN	5.636093750000001
AANAN	4.52
CANAN	5.189375
GANAN	5.0575
TANAN	5.38625
NANAN	5.03828125
ACNAN	5.215625
CCNAN	5.4818750000000005
GCNAN	5.4975000000000005
TCNAN	5.568125
NCNAN	5.44078125
AGNAN	4.975625
CGNAN	5.364375
GGNAN	5.12875
TGNAN	5.503125000000001
NGNAN	5.242968749999999
ATNAN	5.3675
CTNAN	5.615
GTNAN	5.75625
TTNAN	5.785
NTNAN	5.6309375
ANNAN	5.0196875
CNNAN	5.4126562499999995
GNNAN	5.359999999999999
TNNAN	5.560625
NNNAN	5.338242187500001
AAACN	4.2475000000000005
CAACN	4.855
GAACN	4.574999999999999
TAACN	4.965
NAACN	4.660625
ACACN	5.344999999999999
CCACN	5.5775
GCACN	5.635000000000001
TCACN	5.5424999999999995
NCACN	5.525
AGACN	4.78
CGACN	4.970000000000001
GGACN	4.8375
TGACN	5.1625000000000005
NGACN	4.9375
ATACN	5.545000000000001
CTACN	5.5649999999999995
GTACN	5.8774999999999995
TTACN	5.7250000000000005
NTACN	5.678125
ANACN	4.979375
CNACN	5.241875
GNACN	5.231249999999999
TNACN	5.348750000000001
NNACN	5.2003125
AACCN	4.09
CACCN	4.7375
GACCN	4.54
TACCN	4.782500000000001
NACCN	4.5375000000000005
ACCCN	4.5575
CCCCN	4.800000000000001
GCCCN	4.865
TCCCN	4.83
NCCCN	4.7631250000000005
AGCCN	4.575
CGCCN	4.97
GGCCN	4.845
TGCCN	5.0625
NGCCN	4.863125
ATCCN	4.682499999999999
CTCCN	4.8774999999999995
GTCCN	4.995
TTCCN	4.887499999999999
NTCCN	4.860625
ANCCN	4.47625
CNCCN	4.8462499999999995
GNCCN	4.811249999999999
TNCCN	4.890625
NNCCN	4.75609375
AAGCN	4.3875
CAGCN	5.0375
GAGCN	4.8549999999999995
TAGCN	5.114999999999999
NAGCN	4.84875
ACGCN	5.1025
CCGCN	5.385
GCGCN	5.46
TCGCN	5.4225
NCGCN	5.3425
AGGCN	4.66
CGGCN	5.012499999999999
GGGCN	4.84
TGGCN	4.94
NGGCN	4.863125
ATGCN	5.427499999999999
CTGCN	5.507499999999999
GTGCN	5.7275
TTGCN	5.4925
NTGCN	5.53875
ANGCN	4.894375
CNGCN	5.235625
GNGCN	5.220625
TNGCN	5.2425
NNGCN	5.14828125
AATCN	4.24
CATCN	4.915
GATCN	4.68
TATCN	5.1
NATCN	4.73375
ACTCN	4.8525
CCTCN	5.095
GCTCN	5.172499999999999
TCTCN	5.095000000000001
NCTCN	5.05375
AGTCN	4.64
CGTCN	5.1075
GGTCN	4.8225
TGTCN	5.18
NGTCN	4.9375
ATTCN	4.805
CTTCN	4.800000000000001
GTTCN	5.035
TTTCN	4.9375
NTTCN	4.894375
ANTCN	4.634375
CNTCN	4.979374999999999
GNTCN	4.9275
TNTCN	5.078125
NNTCN	4.90484375
AANCN	4.24125
CANCN	4.88625
GANCN	4.6625
TANCN	4.990625
NANCN	4.69515625
ACNCN	4.964375
CCNCN	5.2143749999999995
GCNCN	5.283125
TCNCN	5.2225
NCNCN	5.17109375
AGNCN	4.66375
CGNCN	5.015
GGNCN	4.83625
TGNCN	5.08625
NGNCN	4.9003125
ATNCN	5.115
CTNCN	5.1875
GTNCN	5.40875
TTNCN	5.260624999999999
NTNCN	5.24296875
ANNCN	4.74609375
CNNCN	5.07578125
GNNCN	5.047656249999999
TNNCN	5.140000000000001
NNNCN	5.0023828125
AAAGN	3.8625000000000003
CAAGN	4.7575
GAAGN	4.569999999999999
TAAGN	4.8075
NAAGN	4.499375000000001
ACAGN	5.2825
CCAGN	5.452500000000001
GCAGN	5.584999999999999
TCAGN	5.54
NCAGN	5.465
AGAGN	4.967499999999999
CGAGN	5.12
GGAGN	4.9075
TGAGN	5.220000000000001
NGAGN	5.05375
ATAGN	5.38
CTAGN	5.5825
GTAGN	5.755
TTAGN	5.8775
NTAGN	5.64875
ANAGN	4.873125
CNAGN	5.228125
GNAGN	5.204375
TNAGN	5.36125
NNAGN	5.166718749999999
AACGN	4.5675
CACGN	5.1225
GACGN	5.0125
TACGN	5.2749999999999995
NACGN	4.994375
ACCGN	4.9975000000000005
CCCGN	5.157500000000001
GCCGN	5.3100000000000005
TCCGN	5.27
NCCGN	5.18375
AGCGN	5.095000000000001
CGCGN	5.4174999999999995
GGCGN	5.295
TGCGN	5.5625
NGCGN	5.3425
ATCGN	5.140000000000001
CTCGN	5.415
GTCGN	5.52
TTCGN	5.4675
NTCGN	5.385625
ANCGN	4.95
CNCGN	5.278124999999999
GNCGN	5.284375
TNCGN	5.39375
NNCGN	5.2265625
AAGGN	4.2475000000000005
CAGGN	4.8125
GAGGN	4.7
TAGGN	4.904999999999999
NAGGN	4.66625
ACGGN	4.9475
CCGGN	5.275
GCGGN	5.255000000000001
TCGGN	5.257499999999999
NCGGN	5.18375
AGGGN	4.58
CGGGN	4.885
GGGGN	4.7275
TGGGN	4.86
NGGGN	4.7631250000000005
ATGGN	5.1825
CTGGN	5.33
GTGGN	5.4575
TTGGN	5.375
NTGGN	5.33625
ANGGN	4.739375000000001
CNGGN	5.0756250000000005
GNGGN	5.035
TNGGN	5.099375
NNGGN	4.98734375
AATGN	4.675
CATGN	5.275
GATGN	5.202500000000001
TATGN	5.655
NATGN	5.201874999999999
ACTGN	5.3500000000000005
CCTGN	5.42
GCTGN	5.5625
TCTGN	5.5275
NCTGN	5.465
AGTGN	5.2325
CGTGN	5.64
GGTGN	5.4575
TGTGN	5.7700000000000005
NGTGN	5.525
ATTGN	5.235
CTTGN	5.3375
GTTGN	5.5875
TTTGN	5.41
NTTGN	5.3925
ANTGN	5.123125
CNTGN	5.418125
GNTGN	5.4525
TNTGN	5.590624999999999
NNTGN	5.39609375
AANGN	4.338125000000001
CANGN	4.991875
GANGN	4.87125
TANGN	5.160625
NANGN	4.84046875
ACNGN	5.144375
CCNGN	5.32625
GCNGN	5.428125
TCNGN	5.39875
NCNGN	5.324375
AGNGN	4.96875
CGNGN	5.265625
GGNGN	5.096875000000001
TGNGN	5.353125
NGNGN	5.17109375
ATNGN	5.234375
CTNGN	5.416250000000001
GTNGN	5.58
TTNGN	5.5325
NTNGN	5.440781250000001
ANNGN	4.92140625
CNNGN	5.25
GNNGN	5.2440625
TNNGN	5.36125
NNNGN	5.1941796875
AAATN	3.65
CAATN	4.6899999999999995
GAATN	4.2525
TAATN	4.795
NAATN	4.346875000000001
ACATN	4.805
CCATN	5.4575
GCATN	5.3825
TCATN	5.1625
NCATN	5.201874999999999
AGATN	4.3725000000000005
CGATN	4.945
GGATN	4.66
TGATN	4.9575
NGATN	4.733750000000001
ATATN	5.32
CTATN	5.3774999999999995
GTATN	5.7225
TTATN	5.8775
NTATN	5.574375
ANATN	4.536875
CNATN	5.117500000000001
GNATN	5.004375
TNATN	5.198125
NNATN	4.964218750000001
AACTN	4.005000000000001
CACTN	4.7525
GACTN	4.5875
TACTN	4.795
NACTN	4.535
ACCTN	4.335
CCCTN	4.76
GCCTN	4.817500000000001
TCCTN	4.7525
NCCTN	4.66625
AGCTN	4.6125
CGCTN	4.999999999999999
GGCTN	4.6975
TGCTN	5.085
NGCTN	4.84875
ATCTN	4.59
CTCTN	5.04
GTCTN	5.057499999999999
TTCTN	4.985
NTCTN	4.918125
ANCTN	4.385624999999999
CNCTN	4.888125
GNCTN	4.79
TNCTN	4.904375
NNCTN	4.74203125
AAGTN	3.8125
CAGTN	4.9
GAGTN	4.4875
TAGTN	4.9399999999999995
NAGTN	4.535
ACGTN	4.6499999999999995
CCGTN	5.0375
GCGTN	5.075
TCGTN	5.215
NCGTN	4.994375
AGGTN	4.1425
CGGTN	4.7325
GGGTN	4.49
TGGTN	4.785
NGGTN	4.5375
ATGTN	4.935
CTGTN	5.235
GTGTN	5.5025
TTGTN	5.4075
NTGTN	5.27
ANGTN	4.385
CNGTN	4.97625
GNGTN	4.88875
TNGTN	5.086875000000001
NNGTN	4.834218750000001
AATTN	3.8
CATTN	4.455
GATTN	4.525
TATTN	4.6075
NATTN	4.346875
ACTTN	4.165
CCTTN	4.535
GCTTN	4.7
TCTTN	4.5975
NCTTN	4.499375000000001
AGTTN	4.2875000000000005
CGTTN	4.825
GGTTN	4.5525
TGTTN	4.9775
NGTTN	4.660625
ATTTN	4.1925
CTTTN	4.315
GTTTN	4.71
TTTTN	4.345
NTTTN	4.390625
ANTTN	4.11125
CNTTN	4.532500000000001
GNTTN	4.621875
TNTTN	4.631874999999999
NNTTN	4.474375
AANTN	3.8168750000000005
CANTN	4.699375
GANTN	4.463125
TANTN	4.784375000000001
NANTN	4.4409375
ACNTN	4.48875
CCNTN	4.9475
GCNTN	4.99375
TCNTN	4.931875
NCNTN	4.840468749999999
AGNTN	4.35375
CGNTN	4.875624999999999
GGNTN	4.6
TGNTN	4.95125
NGNTN	4.69515625
ATNTN	4.759375
CTNTN	4.991875
GTNTN	5.248125
TTNTN	5.15375
NTNTN	5.03828125
ANNTN	4.3546875
CNNTN	4.87859375
GNNTN	4.82625
TNNTN	4.9553125
NNNTN	4.7537109375
AAANN	3.86125
CAANN	4.7225
GAANN	4.456874999999999
TAANN	4.856875
NAANN	4.474375
ACANN	5.171250000000001
CCANN	5.4625
GCANN	5.5075
TCANN	5.443124999999999
NCANN	5.39609375
AGANN	4.6875
CGANN	5.001250000000001
GGANN	4.775625
TGANN	5.155
NGANN	4.90484375
ATANN	5.43875
CTANN	5.54875
GTANN	5.765625
TTANN	5.791250000000001
NTANN	5.636093750000001
ANANN	4.789687499999999
CNANN	5.18375
GNANN	5.12640625
TNANN	5.3115625
NNANN	5.1028515625
AACNN	4.369999999999999
CACNN	4.9906250000000005
GACNN	4.86875
TACNN	5.1075
NACNN	4.834218750000001
ACCNN	4.76125
CCCNN	5.01875
GCCNN	5.1031249999999995
TCCNN	5.06625
NCCNN	4.98734375
AGCNN	4.876875
CGCNN	5.281874999999999
GGCNN	5.065625
TGCNN	5.3687499999999995
NGCNN	5.14828125
ATCNN	4.915625
CTCNN	5.23875
GTCNN	5.333125000000001
TTCNN	5.295624999999999
NTCNN	5.19578125
ANCNN	4.7309375
CNCNN	5.1325
GNCNN	5.09265625
TNCNN	5.209531250000001
NNCNN	5.04140625
AAGNN	4.23875
CAGNN	4.9675
GAGNN	4.721875
TAGNN	5.04
NAGNN	4.74203125
ACGNN	4.955
CCGNN	5.288125
GCGNN	5.311875000000001
TCGNN	5.35125
NCGNN	5.2265625
AGGNN	4.515000000000001
CGGNN	4.885625
GGGNN	4.720000000000001
TGGNN	4.9037500000000005
NGGNN	4.75609375
ATGNN	5.196875
CTGNN	5.4243749999999995
GTGNN	5.615625
TTGNN	5.5268749999999995
NTGNN	5.4409374999999995
ANGNN	4.72640625
CNGNN	5.141406249999999
GNGNN	5.09234375
TNGNN	5.20546875
NNGNN	5.04140625
AATNN	4.44625
CATNN	5.08625
GATNN	5.006875
TATNN	5.3175
NATNN	4.964218750000001
ACTNN	4.925625
CCTNN	5.2006250000000005
GCTNN	5.28
TCTNN	5.260624999999999
NCTNN	5.166718749999999
AGTNN	4.8825
CGTNN	5.351875
GGTNN	5.100625
TGTNN	5.4662500000000005
NGTNN	5.2003125
ATTNN	4.925000000000001
CTTNN	4.998749999999999
GTTNN	5.2787500000000005
TTTNN	5.118125
NTTNN	5.08015625
ANTNN	4.79484375
CNTNN	5.159375
GNTNN	5.1665624999999995
TNTNN	5.290625
NNTNN	5.1028515625
AANNN	4.2290624999999995
CANNN	4.94171875
GANNN	4.76359375
TANNN	5.08046875
NANNN	4.7537109375
ACNNN	4.95328125
CCNNN	5.2425
GCNNN	5.300625
TCNNN	5.280312499999999
NCNNN	5.1941796875
AGNNN	4.74046875
CGNNN	5.130156250000001
GGNNN	4.9154687500000005
TGNNN	5.223437499999999
NGNNN	5.0023828125000005
ATNNN	5.1190625
CTNNN	5.30265625
GTNNN	5.49828125
TTNNN	5.432968750000001
NTNNN	5.3382421875
ANNNN	4.760468749999999
CNNNN	5.1542578125
GNNNN	5.1194921875
TNNNN	5.254296875
NNNNN	5.07212890625
